name;z3-runtime;z3-result;cvc4-runtime;cvc4-result;noodler-runtime;noodler-result
../formulae/kaluza-hard/eq1.txt.smt2;0.37; sat;0.08; sat;TO;TO
../formulae/kaluza-hard/eq10.txt.smt2;0.01; sat;0.03; sat;0.71; sat
../formulae/kaluza-hard/eq100.txt.smt2;TO;TO;0.05; sat;TO;TO
../formulae/kaluza-hard/eq101.txt.smt2;82.88; sat;0.12; sat;TO;TO
../formulae/kaluza-hard/eq102.txt.smt2;0.02; sat;0.03; sat;0.67; sat
../formulae/kaluza-hard/eq103.txt.smt2;0.93; sat;0.04; sat;44.4; sat
../formulae/kaluza-hard/eq104.txt.smt2;0.06; sat;0.03; sat;129.15; sat
../formulae/kaluza-hard/eq105.txt.smt2;0.36; sat;0.06; sat;TO;TO
../formulae/kaluza-hard/eq106.txt.smt2;0.01; sat;0.03; sat;0.69; sat
../formulae/kaluza-hard/eq107.txt.smt2;0.87; sat;0.08; sat;TO;TO
../formulae/kaluza-hard/eq108.txt.smt2;0.01; sat;0.02; sat;0.67; sat
../formulae/kaluza-hard/eq109.txt.smt2;TO;TO;0.06; sat;TO;TO
../formulae/kaluza-hard/eq11.txt.smt2;0.34; sat;0.09; sat;TO;TO
../formulae/kaluza-hard/eq110.txt.smt2;23.75; sat;0.06; sat;1.14; sat
../formulae/kaluza-hard/eq111.txt.smt2;85.91; sat;0.06; sat;1.11; sat
../formulae/kaluza-hard/eq112.txt.smt2;0.16; sat;0.06; sat;TO;TO
../formulae/kaluza-hard/eq113.txt.smt2;TO;TO;0.04; sat;36.43; sat
../formulae/kaluza-hard/eq114.txt.smt2;0.89; sat;0.04; sat;59.88; sat
../formulae/kaluza-hard/eq115.txt.smt2;0.05; sat;0.02; sat;5.38; sat
../formulae/kaluza-hard/eq116.txt.smt2;TO;TO;0.05; sat;TO;TO
../formulae/kaluza-hard/eq117.txt.smt2;TO;TO;0.08; sat;TO;TO
../formulae/kaluza-hard/eq118.txt.smt2;0.02; sat;0.02; sat;0.65; sat
../formulae/kaluza-hard/eq119.txt.smt2;0.43; sat;0.06; sat;TO;TO
../formulae/kaluza-hard/eq12.txt.smt2;0.03; sat;0.05; sat;0.7; sat
../formulae/kaluza-hard/eq120.txt.smt2;0.01; sat;0.02; sat;0.69; sat
../formulae/kaluza-hard/eq121.txt.smt2;0.11; sat;0.04; sat;44.52; sat
../formulae/kaluza-hard/eq122.txt.smt2;0.06; sat;0.05; sat;44.46; sat
../formulae/kaluza-hard/eq123.txt.smt2;0.19; sat;0.06; sat;TO;TO
../formulae/kaluza-hard/eq124.txt.smt2;0.05; sat;0.02; sat;1.03; sat
../formulae/kaluza-hard/eq125.txt.smt2;0.04; sat;0.04; sat;TO;TO
../formulae/kaluza-hard/eq126.txt.smt2;1.01; sat;0.04; sat;44.09; sat
../formulae/kaluza-hard/eq127.txt.smt2;0.7; sat;0.09; sat;TO;TO
../formulae/kaluza-hard/eq128.txt.smt2;TO;TO;0.05; sat;TO;TO
../formulae/kaluza-hard/eq129.txt.smt2;0.02; sat;0.04; sat;44.87; sat
../formulae/kaluza-hard/eq13.txt.smt2;0.04; sat;0.05; sat;TO;TO
../formulae/kaluza-hard/eq130.txt.smt2;0.43; sat;0.06; sat;TO;TO
../formulae/kaluza-hard/eq131.txt.smt2;0.15; sat;0.03; sat;3.49; sat
../formulae/kaluza-hard/eq132.txt.smt2;1.06; sat;0.07; sat;TO;TO
../formulae/kaluza-hard/eq133.txt.smt2;TO;TO;0.06; sat;TO;TO
../formulae/kaluza-hard/eq134.txt.smt2;0.06; sat;0.03; sat;127.69; sat
../formulae/kaluza-hard/eq135.txt.smt2;TO;TO;0.33; sat;TO;TO
../formulae/kaluza-hard/eq136.txt.smt2;0.1; sat;0.04; sat;44.45; sat
../formulae/kaluza-hard/eq137.txt.smt2;0.43; sat;0.06; sat;TO;TO
../formulae/kaluza-hard/eq138.txt.smt2;1.11; sat;0.04; sat;5.12; sat
../formulae/kaluza-hard/eq139.txt.smt2;0.03; sat;0.04; sat;44.65; sat
../formulae/kaluza-hard/eq14.txt.smt2;0.06; sat;0.02; sat;5.23; sat
../formulae/kaluza-hard/eq140.txt.smt2;0.85; sat;0.09; sat;TO;TO
../formulae/kaluza-hard/eq141.txt.smt2;0.03; sat;0.05; sat;59.35; sat
../formulae/kaluza-hard/eq142.txt.smt2;0.06; sat;0.03; sat;5.37; sat
../formulae/kaluza-hard/eq143.txt.smt2;TO;TO;0.05; sat;TO;TO
../formulae/kaluza-hard/eq144.txt.smt2;1.45; sat;0.06; sat;TO;TO
../formulae/kaluza-hard/eq145.txt.smt2;0.02; sat;0.04; sat;44.52; sat
../formulae/kaluza-hard/eq146.txt.smt2;0.56; sat;0.03; sat;55.72; sat
../formulae/kaluza-hard/eq147.txt.smt2;0.02; sat;0.02; sat;0.69; sat
../formulae/kaluza-hard/eq148.txt.smt2;TO;TO;0.13; sat;TO;TO
../formulae/kaluza-hard/eq149.txt.smt2;3.03; sat;0.07; sat;TO;TO
../formulae/kaluza-hard/eq15.txt.smt2;TO;TO;0.09; sat;TO;TO
../formulae/kaluza-hard/eq150.txt.smt2;0.1; sat;0.05; sat;58.67; sat
../formulae/kaluza-hard/eq151.txt.smt2;0.32; sat;0.05; sat;58.96; sat
../formulae/kaluza-hard/eq152.txt.smt2;0.06; sat;0.04; sat;TO;TO
../formulae/kaluza-hard/eq153.txt.smt2;0.04; sat;0.06; sat;TO;TO
../formulae/kaluza-hard/eq154.txt.smt2;0.38; sat;0.06; sat;TO;TO
../formulae/kaluza-hard/eq155.txt.smt2;25.6; sat;0.04; sat;TO;TO
../formulae/kaluza-hard/eq156.txt.smt2;0.9; sat;0.04; sat;14.73; sat
../formulae/kaluza-hard/eq157.txt.smt2;0.04; sat;0.04; sat;129.14; sat
../formulae/kaluza-hard/eq158.txt.smt2;1.41; sat;0.07; sat;TO;TO
../formulae/kaluza-hard/eq159.txt.smt2;0.82; sat;0.04; sat;44.51; sat
../formulae/kaluza-hard/eq16.txt.smt2;0.05; sat;0.03; sat;5.32; sat
../formulae/kaluza-hard/eq160.txt.smt2;0.02; sat;0.06; sat;TO;TO
../formulae/kaluza-hard/eq161.txt.smt2;TO;TO;0.07; sat;TO;TO
../formulae/kaluza-hard/eq162.txt.smt2;0.98; sat;0.04; sat;TO;TO
../formulae/kaluza-hard/eq163.txt.smt2;TO;TO;0.06; sat;TO;TO
../formulae/kaluza-hard/eq164.txt.smt2;TO;TO;0.06; sat;TO;TO
../formulae/kaluza-hard/eq165.txt.smt2;0.02; sat;0.03; sat;0.67; sat
../formulae/kaluza-hard/eq166.txt.smt2;0.46; sat;0.04; sat;5.21; sat
../formulae/kaluza-hard/eq167.txt.smt2;17.67; sat;0.06; sat;TO;TO
../formulae/kaluza-hard/eq168.txt.smt2;TO;TO;0.05; sat;TO;TO
../formulae/kaluza-hard/eq169.txt.smt2;10.92; sat;0.08; sat;TO;TO
../formulae/kaluza-hard/eq17.txt.smt2;0.7; sat;0.03; sat;5.2; sat
../formulae/kaluza-hard/eq170.txt.smt2;0.03; sat;0.04; sat;44.58; sat
../formulae/kaluza-hard/eq171.txt.smt2;4.89; sat;0.05; sat;TO;TO
../formulae/kaluza-hard/eq172.txt.smt2;0.02; sat;0.04; sat;44.71; sat
../formulae/kaluza-hard/eq173.txt.smt2;TO;TO;0.05; sat;TO;TO
../formulae/kaluza-hard/eq174.txt.smt2;0.31; sat;0.05; sat;TO;TO
../formulae/kaluza-hard/eq175.txt.smt2;0.02; sat;0.04; sat;44.58; sat
../formulae/kaluza-hard/eq176.txt.smt2;1.7; sat;0.07; sat;TO;TO
../formulae/kaluza-hard/eq177.txt.smt2;5.82; sat;0.06; sat;TO;TO
../formulae/kaluza-hard/eq178.txt.smt2;0.68; sat;0.05; sat;TO;TO
../formulae/kaluza-hard/eq179.txt.smt2;TO;TO;0.06; sat;TO;TO
../formulae/kaluza-hard/eq18.txt.smt2;4.74; sat;0.05; sat;TO;TO
../formulae/kaluza-hard/eq180.txt.smt2;0.01; sat;0.02; sat;0.64; sat
../formulae/kaluza-hard/eq181.txt.smt2;0.01; sat;0.02; sat;0.7; sat
../formulae/kaluza-hard/eq182.txt.smt2;0.88; sat;0.08; sat;TO;TO
../formulae/kaluza-hard/eq183.txt.smt2;1.26; sat;0.06; sat;TO;TO
../formulae/kaluza-hard/eq184.txt.smt2;0.03; sat;0.04; sat;44.38; sat
../formulae/kaluza-hard/eq185.txt.smt2;2.84; sat;0.05; sat;TO;TO
../formulae/kaluza-hard/eq186.txt.smt2;0.01; sat;0.03; sat;0.69; sat
../formulae/kaluza-hard/eq187.txt.smt2;0.04; sat;0.04; sat;44.39; sat
../formulae/kaluza-hard/eq188.txt.smt2;TO;TO;0.14; sat;TO;TO
../formulae/kaluza-hard/eq189.txt.smt2;TO;TO;0.06; sat;TO;TO
../formulae/kaluza-hard/eq19.txt.smt2;125.32; sat;0.05; sat;TO;TO
../formulae/kaluza-hard/eq190.txt.smt2;0.05; sat;0.03; sat;5.34; sat
../formulae/kaluza-hard/eq191.txt.smt2;TO;TO;0.05; sat;TO;TO
../formulae/kaluza-hard/eq192.txt.smt2;TO;TO;0.08; sat;TO;TO
../formulae/kaluza-hard/eq193.txt.smt2;0.05; sat;0.03; sat;3.47; sat
../formulae/kaluza-hard/eq194.txt.smt2;TO;TO;0.09; sat;TO;TO
../formulae/kaluza-hard/eq195.txt.smt2;TO;TO;0.05; sat;TO;TO
../formulae/kaluza-hard/eq196.txt.smt2;0.02; sat;0.03; sat;0.64; sat
../formulae/kaluza-hard/eq197.txt.smt2;43.17; sat;0.06; sat;TO;TO
../formulae/kaluza-hard/eq198.txt.smt2;5.21; sat;0.06; sat;TO;TO
../formulae/kaluza-hard/eq199.txt.smt2;TO;TO;0.07; sat;TO;TO
../formulae/kaluza-hard/eq2.txt.smt2;0.06; sat;0.03; sat;5.33; sat
../formulae/kaluza-hard/eq20.txt.smt2;TO;TO;0.06; sat;TO;TO
../formulae/kaluza-hard/eq200.txt.smt2;1.2; sat;0.04; sat;5.33; sat
../formulae/kaluza-hard/eq201.txt.smt2;TO;TO;0.06; sat;TO;TO
../formulae/kaluza-hard/eq202.txt.smt2;0.02; sat;0.04; sat;44.5; sat
../formulae/kaluza-hard/eq203.txt.smt2;0.04; sat;0.03; sat;55.6; sat
../formulae/kaluza-hard/eq204.txt.smt2;0.15; sat;0.06; sat;TO;TO
../formulae/kaluza-hard/eq205.txt.smt2;0.07; sat;0.02; sat;5.33; sat
../formulae/kaluza-hard/eq206.txt.smt2;TO;TO;0.05; sat;TO;TO
../formulae/kaluza-hard/eq207.txt.smt2;195.12; sat;0.04; sat;TO;TO
../formulae/kaluza-hard/eq208.txt.smt2;0.09; sat;0.03; sat;56.0; sat
../formulae/kaluza-hard/eq209.txt.smt2;TO;TO;0.04; sat;TO;TO
../formulae/kaluza-hard/eq21.txt.smt2;1.48; sat;0.05; sat;TO;TO
../formulae/kaluza-hard/eq210.txt.smt2;0.54; sat;0.05; sat;TO;TO
../formulae/kaluza-hard/eq211.txt.smt2;0.23; sat;0.03; sat;0.7; sat
../formulae/kaluza-hard/eq212.txt.smt2;0.43; sat;0.06; sat;TO;TO
../formulae/kaluza-hard/eq213.txt.smt2;7.85; sat;0.06; sat;TO;TO
../formulae/kaluza-hard/eq214.txt.smt2;0.05; sat;0.03; sat;3.4; sat
../formulae/kaluza-hard/eq215.txt.smt2;0.11; sat;0.05; sat;44.54; sat
../formulae/kaluza-hard/eq216.txt.smt2;0.67; sat;0.04; sat;44.58; sat
../formulae/kaluza-hard/eq217.txt.smt2;0.05; sat;0.03; sat;5.25; sat
../formulae/kaluza-hard/eq218.txt.smt2;5.21; sat;0.06; sat;TO;TO
../formulae/kaluza-hard/eq219.txt.smt2;TO;TO;0.04; sat;59.21; sat
../formulae/kaluza-hard/eq22.txt.smt2;0.05; sat;0.03; sat;5.29; sat
../formulae/kaluza-hard/eq220.txt.smt2;0.11; sat;0.04; sat;44.54; sat
../formulae/kaluza-hard/eq221.txt.smt2;0.63; sat;0.04; sat;44.46; sat
../formulae/kaluza-hard/eq222.txt.smt2;17.87; sat;0.06; sat;TO;TO
../formulae/kaluza-hard/eq223.txt.smt2;TO;TO;0.04; sat;TO;TO
../formulae/kaluza-hard/eq224.txt.smt2;0.15; sat;0.04; sat;5.14; sat
../formulae/kaluza-hard/eq225.txt.smt2;0.22; sat;0.04; sat;0.68; sat
../formulae/kaluza-hard/eq226.txt.smt2;0.15; sat;0.03; sat;59.21; sat
../formulae/kaluza-hard/eq227.txt.smt2;TO;TO;0.06; sat;TO;TO
../formulae/kaluza-hard/eq228.txt.smt2;0.02; sat;0.03; sat;55.46; sat
../formulae/kaluza-hard/eq229.txt.smt2;0.99; sat;0.06; sat;TO;TO
../formulae/kaluza-hard/eq23.txt.smt2;TO;TO;0.06; sat;TO;TO
../formulae/kaluza-hard/eq230.txt.smt2;0.03; sat;0.04; sat;44.42; sat
../formulae/kaluza-hard/eq231.txt.smt2;28.5; sat;0.05; sat;TO;TO
../formulae/kaluza-hard/eq232.txt.smt2;TO;TO;0.11; sat;TO;TO
../formulae/kaluza-hard/eq233.txt.smt2;4.46; sat;0.06; sat;TO;TO
../formulae/kaluza-hard/eq234.txt.smt2;1.13; sat;0.05; sat;TO;TO
../formulae/kaluza-hard/eq235.txt.smt2;0.11; sat;0.04; sat;44.71; sat
../formulae/kaluza-hard/eq236.txt.smt2;TO;TO;0.03; sat;29.9; sat
../formulae/kaluza-hard/eq237.txt.smt2;74.28; sat;0.09; sat;TO;TO
../formulae/kaluza-hard/eq238.txt.smt2;0.98; sat;0.03; sat;3.51; sat
../formulae/kaluza-hard/eq239.txt.smt2;0.05; sat;0.04; sat;TO;TO
../formulae/kaluza-hard/eq24.txt.smt2;0.05; sat;0.03; sat;55.52; sat
../formulae/kaluza-hard/eq240.txt.smt2;0.03; sat;0.05; sat;TO;TO
../formulae/kaluza-hard/eq241.txt.smt2;0.32; sat;0.07; sat;TO;TO
../formulae/kaluza-hard/eq242.txt.smt2;0.02; sat;0.03; sat;0.68; sat
../formulae/kaluza-hard/eq243.txt.smt2;5.17; sat;0.06; sat;TO;TO
../formulae/kaluza-hard/eq244.txt.smt2;0.49; sat;0.09; sat;TO;TO
../formulae/kaluza-hard/eq245.txt.smt2;0.01; sat;0.02; sat;0.71; sat
../formulae/kaluza-hard/eq246.txt.smt2;TO;TO;0.06; sat;TO;TO
../formulae/kaluza-hard/eq247.txt.smt2;0.03; sat;0.03; sat;5.28; sat
../formulae/kaluza-hard/eq248.txt.smt2;TO;TO;0.09; sat;TO;TO
../formulae/kaluza-hard/eq249.txt.smt2;0.26; sat;0.04; sat;128.4; sat
../formulae/kaluza-hard/eq25.txt.smt2;0.11; sat;0.04; sat;45.14; sat
../formulae/kaluza-hard/eq250.txt.smt2;13.81; sat;0.07; sat;TO;TO
../formulae/kaluza-hard/eq251.txt.smt2;4.57; sat;0.06; sat;TO;TO
../formulae/kaluza-hard/eq252.txt.smt2;0.01; sat;0.03; sat;0.68; sat
../formulae/kaluza-hard/eq253.txt.smt2;74.21; sat;0.05; sat;TO;TO
../formulae/kaluza-hard/eq254.txt.smt2;0.39; sat;0.03; sat;128.52; sat
../formulae/kaluza-hard/eq255.txt.smt2;TO;TO;0.06; sat;TO;TO
../formulae/kaluza-hard/eq256.txt.smt2;TO;TO;0.05; sat;TO;TO
../formulae/kaluza-hard/eq257.txt.smt2;7.84; sat;0.06; sat;TO;TO
../formulae/kaluza-hard/eq258.txt.smt2;0.04; sat;0.04; sat;44.45; sat
../formulae/kaluza-hard/eq259.txt.smt2;TO;TO;0.06; sat;TO;TO
../formulae/kaluza-hard/eq26.txt.smt2;0.18; sat;0.02; sat;1.04; sat
../formulae/kaluza-hard/eq260.txt.smt2;0.05; sat;0.03; sat;55.46; sat
../formulae/kaluza-hard/eq261.txt.smt2;0.26; sat;0.04; sat;129.62; sat
../formulae/kaluza-hard/eq262.txt.smt2;0.02; sat;0.02; sat;0.68; sat
../formulae/kaluza-hard/eq263.txt.smt2;0.14; sat;0.07; sat;TO;TO
../formulae/kaluza-hard/eq264.txt.smt2;0.02; sat;0.02; sat;0.69; sat
../formulae/kaluza-hard/eq265.txt.smt2;TO;TO;0.07; sat;TO;TO
../formulae/kaluza-hard/eq266.txt.smt2;0.15; sat;0.03; sat;55.82; sat
../formulae/kaluza-hard/eq267.txt.smt2;0.02; sat;0.04; sat;44.57; sat
../formulae/kaluza-hard/eq268.txt.smt2;0.4; sat;0.05; sat;59.35; sat
../formulae/kaluza-hard/eq269.txt.smt2;0.03; sat;0.03; sat;56.24; sat
../formulae/kaluza-hard/eq27.txt.smt2;0.03; sat;0.04; sat;TO;TO
../formulae/kaluza-hard/eq270.txt.smt2;6.82; sat;0.06; sat;TO;TO
../formulae/kaluza-hard/eq271.txt.smt2;0.15; sat;0.04; sat;3.44; sat
../formulae/kaluza-hard/eq272.txt.smt2;0.34; sat;0.04; sat;36.21; sat
../formulae/kaluza-hard/eq273.txt.smt2;0.03; sat;0.03; sat;5.21; sat
../formulae/kaluza-hard/eq274.txt.smt2;0.04; sat;0.03; sat;44.88; sat
../formulae/kaluza-hard/eq275.txt.smt2;0.15; sat;0.06; sat;TO;TO
../formulae/kaluza-hard/eq276.txt.smt2;TO;TO;0.07; sat;TO;TO
../formulae/kaluza-hard/eq277.txt.smt2;0.05; sat;0.04; sat;TO;TO
../formulae/kaluza-hard/eq278.txt.smt2;0.1; sat;0.04; sat;44.76; sat
../formulae/kaluza-hard/eq279.txt.smt2;TO;TO;0.05; sat;14.78; sat
../formulae/kaluza-hard/eq28.txt.smt2;TO;TO;0.04; sat;129.1; sat
../formulae/kaluza-hard/eq280.txt.smt2;0.03; sat;0.03; sat;44.66; sat
../formulae/kaluza-hard/eq281.txt.smt2;2.33; sat;0.06; sat;TO;TO
../formulae/kaluza-hard/eq282.txt.smt2;0.02; sat;0.05; sat;44.95; sat
../formulae/kaluza-hard/eq283.txt.smt2;0.09; sat;0.02; sat;0.66; sat
../formulae/kaluza-hard/eq284.txt.smt2;0.01; sat;0.03; sat;0.67; sat
../formulae/kaluza-hard/eq285.txt.smt2;TO;TO;0.05; sat;TO;TO
../formulae/kaluza-hard/eq286.txt.smt2;0.01; sat;0.02; sat;0.69; sat
../formulae/kaluza-hard/eq287.txt.smt2;TO;TO;0.16; sat;TO;TO
../formulae/kaluza-hard/eq288.txt.smt2;149.93; sat;0.05; sat;TO;TO
../formulae/kaluza-hard/eq289.txt.smt2;0.05; sat;0.03; sat;5.31; sat
../formulae/kaluza-hard/eq29.txt.smt2;0.02; sat;0.03; sat;5.29; sat
../formulae/kaluza-hard/eq290.txt.smt2;0.38; sat;0.09; sat;TO;TO
../formulae/kaluza-hard/eq291.txt.smt2;TO;TO;0.09; sat;TO;TO
../formulae/kaluza-hard/eq292.txt.smt2;TO;TO;0.04; sat;14.58; sat
../formulae/kaluza-hard/eq293.txt.smt2;TO;TO;0.07; sat;TO;TO
../formulae/kaluza-hard/eq294.txt.smt2;1.04; sat;0.04; sat;44.34; sat
../formulae/kaluza-hard/eq295.txt.smt2;0.3; sat;0.07; sat;TO;TO
../formulae/kaluza-hard/eq296.txt.smt2;TO;TO;0.07; sat;TO;TO
../formulae/kaluza-hard/eq297.txt.smt2;0.08; sat;0.03; sat;5.12; sat
../formulae/kaluza-hard/eq298.txt.smt2;19.09; sat;0.06; sat;TO;TO
../formulae/kaluza-hard/eq299.txt.smt2;TO;TO;0.06; sat;TO;TO
../formulae/kaluza-hard/eq3.txt.smt2;0.18; sat;0.02; sat;1.01; sat
../formulae/kaluza-hard/eq30.txt.smt2;TO;TO;0.05; sat;TO;TO
../formulae/kaluza-hard/eq300.txt.smt2;0.97; sat;0.05; sat;TO;TO
../formulae/kaluza-hard/eq301.txt.smt2;0.34; sat;0.04; sat;TO;TO
../formulae/kaluza-hard/eq302.txt.smt2;TO;TO;0.09; sat;TO;TO
../formulae/kaluza-hard/eq303.txt.smt2;0.21; sat;0.03; sat;0.72; sat
../formulae/kaluza-hard/eq304.txt.smt2;0.05; sat;0.03; sat;3.49; sat
../formulae/kaluza-hard/eq305.txt.smt2;TO;TO;0.06; sat;TO;TO
../formulae/kaluza-hard/eq306.txt.smt2;0.02; sat;0.04; sat;44.55; sat
../formulae/kaluza-hard/eq307.txt.smt2;0.06; sat;0.05; sat;TO;TO
../formulae/kaluza-hard/eq308.txt.smt2;0.03; sat;0.04; sat;58.9; sat
../formulae/kaluza-hard/eq309.txt.smt2;1.48; sat;0.05; sat;189.57; sat
../formulae/kaluza-hard/eq31.txt.smt2;0.05; sat;0.05; sat;TO;TO
../formulae/kaluza-hard/eq310.txt.smt2;0.04; sat;0.07; sat;TO;TO
../formulae/kaluza-hard/eq311.txt.smt2;0.15; sat;0.06; sat;TO;TO
../formulae/kaluza-hard/eq312.txt.smt2;TO;TO;0.04; sat;129.02; sat
../formulae/kaluza-hard/eq313.txt.smt2;TO;TO;0.06; sat;TO;TO
../formulae/kaluza-hard/eq314.txt.smt2;5.3; sat;0.07; sat;TO;TO
../formulae/kaluza-hard/eq315.txt.smt2;TO;TO;0.08; sat;TO;TO
../formulae/kaluza-hard/eq316.txt.smt2;0.0; sat;0.02; sat;0.67; sat
../formulae/kaluza-hard/eq317.txt.smt2;0.77; sat;0.04; sat;5.19; sat
../formulae/kaluza-hard/eq318.txt.smt2;0.64; sat;0.03; sat;5.12; sat
../formulae/kaluza-hard/eq319.txt.smt2;TO;TO;0.09; sat;TO;TO
../formulae/kaluza-hard/eq32.txt.smt2;0.05; sat;0.02; sat;3.49; sat
../formulae/kaluza-hard/eq320.txt.smt2;0.19; sat;0.04; sat;44.55; sat
../formulae/kaluza-hard/eq321.txt.smt2;0.2; sat;0.03; sat;0.7; sat
../formulae/kaluza-hard/eq322.txt.smt2;0.91; sat;0.04; sat;14.58; sat
../formulae/kaluza-hard/eq323.txt.smt2;1.72; sat;0.06; sat;TO;TO
../formulae/kaluza-hard/eq324.txt.smt2;0.03; sat;0.04; sat;44.96; sat
../formulae/kaluza-hard/eq325.txt.smt2;1.21; sat;0.06; sat;TO;TO
../formulae/kaluza-hard/eq326.txt.smt2;0.06; sat;0.03; sat;129.57; sat
../formulae/kaluza-hard/eq327.txt.smt2;TO;TO;0.06; sat;TO;TO
../formulae/kaluza-hard/eq328.txt.smt2;0.02; sat;0.03; sat;0.7; sat
../formulae/kaluza-hard/eq329.txt.smt2;TO;TO;0.18; sat;TO;TO
../formulae/kaluza-hard/eq33.txt.smt2;8.41; sat;0.06; sat;TO;TO
../formulae/kaluza-hard/eq330.txt.smt2;76.28; sat;0.04; sat;1.15; sat
../formulae/kaluza-hard/eq331.txt.smt2;0.3; sat;0.05; sat;TO;TO
../formulae/kaluza-hard/eq332.txt.smt2;0.01; sat;0.02; sat;0.7; sat
../formulae/kaluza-hard/eq333.txt.smt2;TO;TO;0.07; sat;TO;TO
../formulae/kaluza-hard/eq334.txt.smt2;0.07; sat;0.04; sat;44.33; sat
../formulae/kaluza-hard/eq335.txt.smt2;4.34; sat;0.05; sat;TO;TO
../formulae/kaluza-hard/eq336.txt.smt2;0.11; sat;0.04; sat;59.17; sat
../formulae/kaluza-hard/eq337.txt.smt2;0.38; sat;0.06; sat;TO;TO
../formulae/kaluza-hard/eq338.txt.smt2;0.02; sat;0.05; sat;44.97; sat
../formulae/kaluza-hard/eq339.txt.smt2;0.02; sat;0.02; sat;0.67; sat
../formulae/kaluza-hard/eq34.txt.smt2;0.8; sat;0.04; sat;175.49; sat
../formulae/kaluza-hard/eq340.txt.smt2;0.01; sat;0.03; sat;0.69; sat
../formulae/kaluza-hard/eq341.txt.smt2;0.02; sat;0.03; sat;0.68; sat
../formulae/kaluza-hard/eq342.txt.smt2;0.02; sat;0.04; sat;44.43; sat
../formulae/kaluza-hard/eq343.txt.smt2;0.01; sat;0.02; sat;0.69; sat
../formulae/kaluza-hard/eq344.txt.smt2;0.94; sat;0.1; sat;TO;TO
../formulae/kaluza-hard/eq345.txt.smt2;TO;TO;0.05; sat;TO;TO
../formulae/kaluza-hard/eq346.txt.smt2;2.9; sat;0.07; sat;TO;TO
../formulae/kaluza-hard/eq347.txt.smt2;0.15; sat;0.03; sat;5.18; sat
../formulae/kaluza-hard/eq348.txt.smt2;TO;TO;0.08; sat;TO;TO
../formulae/kaluza-hard/eq349.txt.smt2;0.04; sat;0.04; sat;44.81; sat
../formulae/kaluza-hard/eq35.txt.smt2;0.8; sat;0.05; sat;59.57; sat
../formulae/kaluza-hard/eq350.txt.smt2;0.02; sat;0.02; sat;0.66; sat
../formulae/kaluza-hard/eq351.txt.smt2;119.58; sat;0.05; sat;TO;TO
../formulae/kaluza-hard/eq352.txt.smt2;0.03; sat;0.04; sat;58.47; sat
../formulae/kaluza-hard/eq353.txt.smt2;0.01; sat;0.02; sat;0.7; sat
../formulae/kaluza-hard/eq354.txt.smt2;0.84; sat;0.04; sat;0.72; sat
../formulae/kaluza-hard/eq355.txt.smt2;0.03; sat;0.03; sat;45.38; sat
../formulae/kaluza-hard/eq356.txt.smt2;0.93; sat;0.04; sat;59.24; sat
../formulae/kaluza-hard/eq357.txt.smt2;0.34; sat;0.04; sat;36.07; sat
../formulae/kaluza-hard/eq358.txt.smt2;0.01; sat;0.02; sat;0.7; sat
../formulae/kaluza-hard/eq359.txt.smt2;TO;TO;0.03; sat;29.78; sat
../formulae/kaluza-hard/eq36.txt.smt2;TO;TO;0.06; sat;TO;TO
../formulae/kaluza-hard/eq360.txt.smt2;TO;TO;0.09; sat;TO;TO
../formulae/kaluza-hard/eq361.txt.smt2;0.1; sat;0.04; sat;44.54; sat
../formulae/kaluza-hard/eq362.txt.smt2;0.44; sat;0.03; sat;129.45; sat
../formulae/kaluza-hard/eq363.txt.smt2;1.06; sat;0.05; sat;TO;TO
../formulae/kaluza-hard/eq364.txt.smt2;1.45; sat;0.05; sat;TO;TO
../formulae/kaluza-hard/eq365.txt.smt2;0.04; sat;0.04; sat;55.36; sat
../formulae/kaluza-hard/eq366.txt.smt2;0.1; sat;0.05; sat;44.44; sat
../formulae/kaluza-hard/eq367.txt.smt2;0.05; sat;0.03; sat;5.27; sat
../formulae/kaluza-hard/eq368.txt.smt2;0.08; sat;0.04; sat;5.18; sat
../formulae/kaluza-hard/eq369.txt.smt2;0.05; sat;0.03; sat;3.51; sat
../formulae/kaluza-hard/eq37.txt.smt2;0.03; sat;0.05; sat;45.05; sat
../formulae/kaluza-hard/eq370.txt.smt2;5.87; sat;0.07; sat;TO;TO
../formulae/kaluza-hard/eq371.txt.smt2;0.04; sat;0.09; sat;TO;TO
../formulae/kaluza-hard/eq372.txt.smt2;0.03; sat;0.04; sat;44.72; sat
../formulae/kaluza-hard/eq373.txt.smt2;TO;TO;0.06; sat;TO;TO
../formulae/kaluza-hard/eq374.txt.smt2;0.02; sat;0.03; sat;0.7; sat
../formulae/kaluza-hard/eq375.txt.smt2;TO;TO;0.05; sat;TO;TO
../formulae/kaluza-hard/eq376.txt.smt2;0.03; sat;0.02; sat;3.52; sat
../formulae/kaluza-hard/eq377.txt.smt2;TO;TO;0.05; sat;TO;TO
../formulae/kaluza-hard/eq378.txt.smt2;76.18; sat;0.05; sat;TO;TO
../formulae/kaluza-hard/eq379.txt.smt2;0.02; sat;0.03; sat;0.69; sat
../formulae/kaluza-hard/eq38.txt.smt2;0.03; sat;0.03; sat;55.26; sat
../formulae/kaluza-hard/eq380.txt.smt2;2.55; sat;0.05; sat;TO;TO
../formulae/kaluza-hard/eq381.txt.smt2;0.49; sat;0.05; sat;TO;TO
../formulae/kaluza-hard/eq382.txt.smt2;2.53; sat;0.05; sat;TO;TO
../formulae/kaluza-hard/eq383.txt.smt2;TO;TO;0.04; sat;TO;TO
../formulae/kaluza-hard/eq384.txt.smt2;1.19; sat;0.06; sat;TO;TO
../formulae/kaluza-hard/eq385.txt.smt2;TO;TO;0.09; sat;TO;TO
../formulae/kaluza-hard/eq386.txt.smt2;TO;TO;0.07; sat;TO;TO
../formulae/kaluza-hard/eq387.txt.smt2;2.06; sat;0.06; sat;TO;TO
../formulae/kaluza-hard/eq388.txt.smt2;TO;TO;0.06; sat;TO;TO
../formulae/kaluza-hard/eq389.txt.smt2;0.64; sat;0.04; sat;0.71; sat
../formulae/kaluza-hard/eq39.txt.smt2;TO;TO;0.06; sat;TO;TO
../formulae/kaluza-hard/eq390.txt.smt2;0.01; sat;0.02; sat;0.67; sat
../formulae/kaluza-hard/eq391.txt.smt2;8.03; sat;0.04; sat;TO;TO
../formulae/kaluza-hard/eq392.txt.smt2;0.16; sat;0.03; sat;3.43; sat
../formulae/kaluza-hard/eq393.txt.smt2;0.01; sat;0.02; sat;0.65; sat
../formulae/kaluza-hard/eq394.txt.smt2;0.02; sat;0.02; sat;0.7; sat
../formulae/kaluza-hard/eq395.txt.smt2;1.1; sat;0.04; sat;190.02; sat
../formulae/kaluza-hard/eq396.txt.smt2;0.47; sat;0.04; sat;5.14; sat
../formulae/kaluza-hard/eq397.txt.smt2;0.43; sat;0.06; sat;TO;TO
../formulae/kaluza-hard/eq398.txt.smt2;TO;TO;0.07; sat;TO;TO
../formulae/kaluza-hard/eq399.txt.smt2;TO;TO;0.09; sat;TO;TO
../formulae/kaluza-hard/eq4.txt.smt2;0.02; sat;0.04; sat;44.8; sat
../formulae/kaluza-hard/eq40.txt.smt2;TO;TO;0.05; sat;TO;TO
../formulae/kaluza-hard/eq400.txt.smt2;0.63; sat;0.05; sat;45.1; sat
../formulae/kaluza-hard/eq401.txt.smt2;TO;TO;0.07; sat;TO;TO
../formulae/kaluza-hard/eq402.txt.smt2;TO;TO;0.08; sat;TO;TO
../formulae/kaluza-hard/eq403.txt.smt2;0.02; sat;0.02; sat;0.68; sat
../formulae/kaluza-hard/eq404.txt.smt2;TO;TO;0.06; sat;TO;TO
../formulae/kaluza-hard/eq405.txt.smt2;0.15; sat;0.07; sat;TO;TO
../formulae/kaluza-hard/eq406.txt.smt2;0.03; sat;0.07; sat;TO;TO
../formulae/kaluza-hard/eq407.txt.smt2;0.02; sat;0.03; sat;0.67; sat
../formulae/kaluza-hard/eq408.txt.smt2;1.22; sat;0.05; sat;TO;TO
../formulae/kaluza-hard/eq409.txt.smt2;0.14; sat;0.03; sat;55.55; sat
../formulae/kaluza-hard/eq41.txt.smt2;TO;TO;0.07; sat;TO;TO
../formulae/kaluza-hard/eq410.txt.smt2;0.15; sat;0.03; sat;3.51; sat
../formulae/kaluza-hard/eq411.txt.smt2;TO;TO;0.04; sat;14.65; sat
../formulae/kaluza-hard/eq412.txt.smt2;0.03; sat;0.05; sat;58.84; sat
../formulae/kaluza-hard/eq413.txt.smt2;TO;TO;0.06; sat;TO;TO
../formulae/kaluza-hard/eq414.txt.smt2;0.92; sat;0.06; sat;59.35; sat
../formulae/kaluza-hard/eq415.txt.smt2;0.2; sat;0.03; sat;0.7; sat
../formulae/kaluza-hard/eq416.txt.smt2;1.47; sat;0.05; sat;TO;TO
../formulae/kaluza-hard/eq417.txt.smt2;1.26; sat;0.05; sat;TO;TO
../formulae/kaluza-hard/eq418.txt.smt2;0.78; sat;0.04; sat;44.51; sat
../formulae/kaluza-hard/eq419.txt.smt2;0.01; sat;0.02; sat;0.68; sat
../formulae/kaluza-hard/eq42.txt.smt2;0.01; sat;0.01; sat;0.65; sat
../formulae/kaluza-hard/eq420.txt.smt2;0.02; sat;0.03; sat;0.66; sat
../formulae/kaluza-hard/eq421.txt.smt2;0.96; sat;0.04; sat;44.55; sat
../formulae/kaluza-hard/eq422.txt.smt2;1.13; sat;0.05; sat;TO;TO
../formulae/kaluza-hard/eq423.txt.smt2;0.06; sat;0.03; sat;3.45; sat
../formulae/kaluza-hard/eq424.txt.smt2;TO;TO;0.06; sat;TO;TO
../formulae/kaluza-hard/eq425.txt.smt2;0.01; sat;0.03; sat;0.67; sat
../formulae/kaluza-hard/eq426.txt.smt2;TO;TO;0.05; sat;TO;TO
../formulae/kaluza-hard/eq427.txt.smt2;0.03; sat;0.05; sat;44.71; sat
../formulae/kaluza-hard/eq428.txt.smt2;0.05; sat;0.03; sat;5.32; sat
../formulae/kaluza-hard/eq429.txt.smt2;0.8; sat;0.06; sat;TO;TO
../formulae/kaluza-hard/eq43.txt.smt2;0.04; sat;0.04; sat;5.38; sat
../formulae/kaluza-hard/eq430.txt.smt2;TO;TO;0.06; sat;TO;TO
../formulae/kaluza-hard/eq431.txt.smt2;5.92; sat;0.07; sat;TO;TO
../formulae/kaluza-hard/eq432.txt.smt2;0.02; sat;0.04; sat;5.38; sat
../formulae/kaluza-hard/eq433.txt.smt2;0.77; sat;0.04; sat;44.61; sat
../formulae/kaluza-hard/eq434.txt.smt2;TO;TO;0.05; sat;TO;TO
../formulae/kaluza-hard/eq435.txt.smt2;0.5; sat;0.07; sat;TO;TO
../formulae/kaluza-hard/eq436.txt.smt2;0.03; sat;0.05; sat;44.27; sat
../formulae/kaluza-hard/eq437.txt.smt2;0.31; sat;0.07; sat;TO;TO
../formulae/kaluza-hard/eq438.txt.smt2;0.39; sat;0.08; sat;TO;TO
../formulae/kaluza-hard/eq439.txt.smt2;0.27; sat;0.05; sat;59.18; sat
../formulae/kaluza-hard/eq44.txt.smt2;0.05; sat;0.04; sat;0.7; sat
../formulae/kaluza-hard/eq440.txt.smt2;0.15; sat;0.03; sat;5.2; sat
../formulae/kaluza-hard/eq441.txt.smt2;TO;TO;0.04; sat;56.04; sat
../formulae/kaluza-hard/eq442.txt.smt2;0.8; sat;0.09; sat;TO;TO
../formulae/kaluza-hard/eq443.txt.smt2;0.76; sat;0.03; sat;3.44; sat
../formulae/kaluza-hard/eq444.txt.smt2;0.07; sat;0.04; sat;5.14; sat
../formulae/kaluza-hard/eq445.txt.smt2;0.06; sat;0.05; sat;TO;TO
../formulae/kaluza-hard/eq446.txt.smt2;0.38; sat;0.06; sat;TO;TO
../formulae/kaluza-hard/eq447.txt.smt2;5.97; sat;0.06; sat;TO;TO
../formulae/kaluza-hard/eq448.txt.smt2;0.01; sat;0.02; sat;0.69; sat
../formulae/kaluza-hard/eq449.txt.smt2;0.04; sat;0.04; sat;44.8; sat
../formulae/kaluza-hard/eq45.txt.smt2;TO;TO;0.06; sat;TO;TO
../formulae/kaluza-hard/eq450.txt.smt2;1.22; sat;0.04; sat;TO;TO
../formulae/kaluza-hard/eq451.txt.smt2;0.05; sat;0.03; sat;3.49; sat
../formulae/kaluza-hard/eq452.txt.smt2;0.04; sat;0.09; sat;TO;TO
../formulae/kaluza-hard/eq453.txt.smt2;TO;TO;0.05; sat;TO;TO
../formulae/kaluza-hard/eq454.txt.smt2;TO;TO;0.06; sat;TO;TO
../formulae/kaluza-hard/eq455.txt.smt2;TO;TO;0.06; sat;TO;TO
../formulae/kaluza-hard/eq456.txt.smt2;0.03; sat;0.02; sat;3.52; sat
../formulae/kaluza-hard/eq457.txt.smt2;0.8; sat;0.03; sat;3.46; sat
../formulae/kaluza-hard/eq458.txt.smt2;TO;TO;0.06; sat;TO;TO
../formulae/kaluza-hard/eq459.txt.smt2;0.11; sat;0.04; sat;44.45; sat
../formulae/kaluza-hard/eq46.txt.smt2;TO;TO;0.05; sat;TO;TO
../formulae/kaluza-hard/eq460.txt.smt2;0.01; sat;0.03; sat;0.7; sat
../formulae/kaluza-hard/eq461.txt.smt2;1.21; sat;0.04; sat;TO;TO
../formulae/kaluza-hard/eq462.txt.smt2;5.25; sat;0.05; sat;TO;TO
../formulae/kaluza-hard/eq463.txt.smt2;0.01; sat;0.03; sat;0.68; sat
../formulae/kaluza-hard/eq464.txt.smt2;TO;TO;0.06; sat;TO;TO
../formulae/kaluza-hard/eq465.txt.smt2;0.11; sat;0.04; sat;44.75; sat
../formulae/kaluza-hard/eq466.txt.smt2;0.01; sat;0.03; sat;0.68; sat
../formulae/kaluza-hard/eq467.txt.smt2;0.05; sat;0.04; sat;TO;TO
../formulae/kaluza-hard/eq468.txt.smt2;1.85; sat;0.02; sat;TO;TO
../formulae/kaluza-hard/eq469.txt.smt2;0.02; sat;0.04; sat;44.43; sat
../formulae/kaluza-hard/eq47.txt.smt2;4.92; sat;0.05; sat;TO;TO
../formulae/kaluza-hard/eq470.txt.smt2;0.01; sat;0.03; sat;0.7; sat
../formulae/kaluza-hard/eq471.txt.smt2;1.56; sat;0.04; sat;TO;TO
../formulae/kaluza-hard/eq472.txt.smt2;0.03; sat;0.05; sat;44.53; sat
../formulae/kaluza-hard/eq473.txt.smt2;0.31; sat;0.05; sat;TO;TO
../formulae/kaluza-hard/eq474.txt.smt2;TO;TO;0.09; sat;TO;TO
../formulae/kaluza-hard/eq475.txt.smt2;TO;TO;0.06; sat;TO;TO
../formulae/kaluza-hard/eq476.txt.smt2;0.77; sat;0.03; sat;3.45; sat
../formulae/kaluza-hard/eq477.txt.smt2;TO;TO;0.05; sat;TO;TO
../formulae/kaluza-hard/eq478.txt.smt2;0.04; sat;0.02; sat;3.56; sat
../formulae/kaluza-hard/eq479.txt.smt2;0.17; sat;0.04; sat;59.97; sat
../formulae/kaluza-hard/eq48.txt.smt2;0.06; sat;0.04; sat;130.56; sat
../formulae/kaluza-hard/eq480.txt.smt2;TO;TO;0.05; sat;TO;TO
../formulae/kaluza-hard/eq481.txt.smt2;0.1; sat;0.05; sat;44.45; sat
../formulae/kaluza-hard/eq482.txt.smt2;TO;TO;0.05; sat;TO;TO
../formulae/kaluza-hard/eq483.txt.smt2;TO;TO;0.08; sat;TO;TO
../formulae/kaluza-hard/eq484.txt.smt2;TO;TO;0.06; sat;TO;TO
../formulae/kaluza-hard/eq485.txt.smt2;TO;TO;0.03; sat;55.37; sat
../formulae/kaluza-hard/eq486.txt.smt2;0.04; sat;0.03; sat;3.46; sat
../formulae/kaluza-hard/eq487.txt.smt2;TO;TO;0.06; sat;TO;TO
../formulae/kaluza-hard/eq488.txt.smt2;0.95; sat;0.04; sat;44.47; sat
../formulae/kaluza-hard/eq489.txt.smt2;0.03; sat;0.04; sat;44.82; sat
../formulae/kaluza-hard/eq49.txt.smt2;TO;TO;0.08; sat;TO;TO
../formulae/kaluza-hard/eq490.txt.smt2;TO;TO;0.07; sat;TO;TO
../formulae/kaluza-hard/eq491.txt.smt2;1.63; sat;0.04; sat;TO;TO
../formulae/kaluza-hard/eq492.txt.smt2;1.74; sat;0.05; sat;TO;TO
../formulae/kaluza-hard/eq493.txt.smt2;0.06; sat;0.03; sat;129.26; sat
../formulae/kaluza-hard/eq494.txt.smt2;0.18; sat;0.03; sat;44.54; sat
../formulae/kaluza-hard/eq495.txt.smt2;0.01; sat;0.02; sat;0.68; sat
../formulae/kaluza-hard/eq496.txt.smt2;0.35; sat;0.04; sat;14.67; sat
../formulae/kaluza-hard/eq497.txt.smt2;1.21; sat;0.04; sat;TO;TO
../formulae/kaluza-hard/eq498.txt.smt2;TO;TO;0.07; sat;TO;TO
../formulae/kaluza-hard/eq499.txt.smt2;0.09; sat;0.04; sat;58.9; sat
../formulae/kaluza-hard/eq5.txt.smt2;0.43; sat;0.06; sat;TO;TO
../formulae/kaluza-hard/eq50.txt.smt2;0.08; sat;0.05; sat;44.62; sat
../formulae/kaluza-hard/eq500.txt.smt2;TO;TO;0.04; sat;TO;TO
../formulae/kaluza-hard/eq501.txt.smt2;120.99; sat;0.06; sat;TO;TO
../formulae/kaluza-hard/eq502.txt.smt2;TO;TO;0.04; sat;TO;TO
../formulae/kaluza-hard/eq503.txt.smt2;0.01; sat;0.02; sat;0.69; sat
../formulae/kaluza-hard/eq504.txt.smt2;0.03; sat;0.04; sat;44.59; sat
../formulae/kaluza-hard/eq505.txt.smt2;TO;TO;0.07; sat;TO;TO
../formulae/kaluza-hard/eq506.txt.smt2;0.06; sat;0.03; sat;128.77; sat
../formulae/kaluza-hard/eq507.txt.smt2;1.38; sat;0.03; sat;5.14; sat
../formulae/kaluza-hard/eq508.txt.smt2;TO;TO;0.06; sat;TO;TO
../formulae/kaluza-hard/eq509.txt.smt2;TO;TO;0.05; sat;TO;TO
../formulae/kaluza-hard/eq51.txt.smt2;TO;TO;0.05; sat;TO;TO
../formulae/kaluza-hard/eq510.txt.smt2;0.05; sat;0.05; sat;TO;TO
../formulae/kaluza-hard/eq511.txt.smt2;2.07; sat;0.04; sat;TO;TO
../formulae/kaluza-hard/eq512.txt.smt2;0.38; sat;0.04; sat;176.26; sat
../formulae/kaluza-hard/eq513.txt.smt2;0.65; sat;0.09; sat;TO;TO
../formulae/kaluza-hard/eq514.txt.smt2;0.03; sat;0.09; sat;TO;TO
../formulae/kaluza-hard/eq515.txt.smt2;0.07; sat;0.02; sat;5.31; sat
../formulae/kaluza-hard/eq516.txt.smt2;8.37; sat;0.05; sat;TO;TO
../formulae/kaluza-hard/eq517.txt.smt2;0.4; sat;0.04; sat;TO;TO
../formulae/kaluza-hard/eq518.txt.smt2;0.03; sat;0.02; sat;5.37; sat
../formulae/kaluza-hard/eq519.txt.smt2;1.26; sat;0.06; sat;TO;TO
../formulae/kaluza-hard/eq52.txt.smt2;0.67; sat;0.06; sat;TO;TO
../formulae/kaluza-hard/eq520.txt.smt2;2.38; sat;0.04; sat;0.67; sat
../formulae/kaluza-hard/eq521.txt.smt2;TO;TO;0.14; sat;TO;TO
../formulae/kaluza-hard/eq522.txt.smt2;0.01; sat;0.04; sat;44.71; sat
../formulae/kaluza-hard/eq523.txt.smt2;3.63; sat;0.04; sat;TO;TO
../formulae/kaluza-hard/eq524.txt.smt2;0.03; sat;0.01; sat;0.69; sat
../formulae/kaluza-hard/eq525.txt.smt2;TO;TO;0.06; sat;TO;TO
../formulae/kaluza-hard/eq526.txt.smt2;TO;TO;0.05; sat;14.58; sat
../formulae/kaluza-hard/eq527.txt.smt2;0.64; sat;0.03; sat;5.12; sat
../formulae/kaluza-hard/eq528.txt.smt2;0.01; sat;0.02; sat;0.62; sat
../formulae/kaluza-hard/eq529.txt.smt2;TO;TO;0.09; sat;TO;TO
../formulae/kaluza-hard/eq53.txt.smt2;0.1; sat;0.04; sat;44.67; sat
../formulae/kaluza-hard/eq530.txt.smt2;0.02; sat;0.04; sat;5.3; sat
../formulae/kaluza-hard/eq531.txt.smt2;0.01; sat;0.02; sat;0.68; sat
../formulae/kaluza-hard/eq532.txt.smt2;TO;TO;0.06; sat;TO;TO
../formulae/kaluza-hard/eq533.txt.smt2;0.01; sat;0.02; sat;0.66; sat
../formulae/kaluza-hard/eq534.txt.smt2;0.28; sat;0.04; sat;58.8; sat
../formulae/kaluza-hard/eq535.txt.smt2;TO;TO;0.06; sat;TO;TO
../formulae/kaluza-hard/eq536.txt.smt2;0.01; sat;0.03; sat;0.66; sat
../formulae/kaluza-hard/eq537.txt.smt2;0.9; sat;0.05; sat;TO;TO
../formulae/kaluza-hard/eq538.txt.smt2;0.01; sat;0.03; sat;0.67; sat
../formulae/kaluza-hard/eq539.txt.smt2;0.01; sat;0.03; sat;0.69; sat
../formulae/kaluza-hard/eq54.txt.smt2;0.01; unsat;0.02; unsat;TO;TO
../formulae/kaluza-hard/eq540.txt.smt2;TO;TO;0.09; sat;TO;TO
../formulae/kaluza-hard/eq541.txt.smt2;TO;TO;0.06; sat;TO;TO
../formulae/kaluza-hard/eq542.txt.smt2;0.03; sat;0.04; sat;55.17; sat
../formulae/kaluza-hard/eq543.txt.smt2;0.68; sat;0.05; sat;44.86; sat
../formulae/kaluza-hard/eq544.txt.smt2;0.14; sat;0.03; sat;0.69; sat
../formulae/kaluza-hard/eq545.txt.smt2;0.03; sat;0.03; sat;5.19; sat
../formulae/kaluza-hard/eq546.txt.smt2;3.36; sat;0.04; sat;TO;TO
../formulae/kaluza-hard/eq547.txt.smt2;TO;TO;0.05; sat;TO;TO
../formulae/kaluza-hard/eq548.txt.smt2;2.07; sat;0.06; sat;TO;TO
../formulae/kaluza-hard/eq549.txt.smt2;TO;TO;0.05; sat;TO;TO
../formulae/kaluza-hard/eq55.txt.smt2;146.04; sat;0.05; sat;TO;TO
../formulae/kaluza-hard/eq550.txt.smt2;TO;TO;0.08; sat;TO;TO
../formulae/kaluza-hard/eq551.txt.smt2;TO;TO;0.04; sat;14.67; sat
../formulae/kaluza-hard/eq552.txt.smt2;TO;TO;0.18; sat;TO;TO
../formulae/kaluza-hard/eq553.txt.smt2;0.02; sat;0.02; sat;0.71; sat
../formulae/kaluza-hard/eq554.txt.smt2;0.01; sat;0.02; sat;0.66; sat
../formulae/kaluza-hard/eq555.txt.smt2;0.97; sat;0.08; sat;TO;TO
../formulae/kaluza-hard/eq556.txt.smt2;0.43; sat;0.06; sat;TO;TO
../formulae/kaluza-hard/eq557.txt.smt2;0.02; sat;0.02; sat;0.7; sat
../formulae/kaluza-hard/eq558.txt.smt2;TO;TO;0.06; sat;TO;TO
../formulae/kaluza-hard/eq559.txt.smt2;0.02; sat;0.05; sat;TO;TO
../formulae/kaluza-hard/eq56.txt.smt2;0.01; sat;0.02; sat;0.71; sat
../formulae/kaluza-hard/eq560.txt.smt2;TO;TO;0.04; sat;128.5; sat
../formulae/kaluza-hard/eq561.txt.smt2;0.02; sat;0.04; sat;45.28; sat
../formulae/kaluza-hard/eq562.txt.smt2;TO;TO;0.04; sat;TO;TO
../formulae/kaluza-hard/eq563.txt.smt2;0.49; sat;0.04; sat;TO;TO
../formulae/kaluza-hard/eq564.txt.smt2;118.82; sat;0.05; sat;TO;TO
../formulae/kaluza-hard/eq565.txt.smt2;0.01; sat;0.02; sat;0.69; sat
../formulae/kaluza-hard/eq566.txt.smt2;0.54; sat;0.05; sat;TO;TO
../formulae/kaluza-hard/eq567.txt.smt2;TO;TO;0.05; sat;14.71; sat
../formulae/kaluza-hard/eq568.txt.smt2;0.02; sat;0.02; sat;0.7; sat
../formulae/kaluza-hard/eq569.txt.smt2;0.02; sat;0.02; sat;0.67; sat
../formulae/kaluza-hard/eq57.txt.smt2;0.06; sat;0.03; sat;128.81; sat
../formulae/kaluza-hard/eq570.txt.smt2;0.64; sat;0.09; sat;TO;TO
../formulae/kaluza-hard/eq571.txt.smt2;0.01; sat;0.03; sat;0.71; sat
../formulae/kaluza-hard/eq572.txt.smt2;0.01; sat;0.03; sat;0.69; sat
../formulae/kaluza-hard/eq573.txt.smt2;2.0; sat;0.06; sat;TO;TO
../formulae/kaluza-hard/eq574.txt.smt2;0.01; sat;0.02; sat;0.71; sat
../formulae/kaluza-hard/eq575.txt.smt2;0.29; sat;0.05; sat;176.2; sat
../formulae/kaluza-hard/eq576.txt.smt2;0.95; sat;0.04; sat;45.09; sat
../formulae/kaluza-hard/eq577.txt.smt2;0.97; sat;0.05; sat;45.22; sat
../formulae/kaluza-hard/eq578.txt.smt2;TO;TO;0.05; sat;TO;TO
../formulae/kaluza-hard/eq579.txt.smt2;TO;TO;0.08; sat;TO;TO
../formulae/kaluza-hard/eq58.txt.smt2;0.69; sat;0.06; sat;TO;TO
../formulae/kaluza-hard/eq580.txt.smt2;0.03; sat;0.05; sat;TO;TO
../formulae/kaluza-hard/eq581.txt.smt2;0.03; sat;0.03; sat;0.69; sat
../formulae/kaluza-hard/eq582.txt.smt2;TO;TO;0.05; sat;TO;TO
../formulae/kaluza-hard/eq583.txt.smt2;0.58; sat;0.03; sat;0.67; sat
../formulae/kaluza-hard/eq584.txt.smt2;0.03; sat;0.06; sat;0.7; sat
../formulae/kaluza-hard/eq585.txt.smt2;TO;TO;0.03; sat;128.87; sat
../formulae/kaluza-hard/eq586.txt.smt2;TO;TO;0.07; sat;TO;TO
../formulae/kaluza-hard/eq587.txt.smt2;0.05; sat;0.03; sat;5.27; sat
../formulae/kaluza-hard/eq588.txt.smt2;TO;TO;0.07; sat;TO;TO
../formulae/kaluza-hard/eq589.txt.smt2;0.47; sat;0.03; sat;5.08; sat
../formulae/kaluza-hard/eq59.txt.smt2;0.35; sat;0.07; sat;TO;TO
../formulae/kaluza-hard/eq590.txt.smt2;0.04; sat;0.04; sat;55.46; sat
../formulae/kaluza-hard/eq591.txt.smt2;88.01; sat;0.04; sat;TO;TO
../formulae/kaluza-hard/eq592.txt.smt2;0.13; sat;0.08; sat;TO;TO
../formulae/kaluza-hard/eq593.txt.smt2;0.05; sat;0.03; sat;TO;TO
../formulae/kaluza-hard/eq594.txt.smt2;TO;TO;0.07; sat;TO;TO
../formulae/kaluza-hard/eq595.txt.smt2;32.12; sat;0.07; sat;TO;TO
../formulae/kaluza-hard/eq596.txt.smt2;0.06; sat;0.03; sat;129.71; sat
../formulae/kaluza-hard/eq597.txt.smt2;0.45; sat;0.03; sat;196.19; sat
../formulae/kaluza-hard/eq598.txt.smt2;0.47; sat;0.03; sat;5.28; sat
../formulae/kaluza-hard/eq599.txt.smt2;0.02; sat;0.03; sat;0.65; sat
../formulae/kaluza-hard/eq6.txt.smt2;0.1; sat;0.04; sat;46.02; sat
../formulae/kaluza-hard/eq60.txt.smt2;TO;TO;0.02; sat;29.99; sat
../formulae/kaluza-hard/eq600.txt.smt2;6.9; sat;0.04; sat;TO;TO
../formulae/kaluza-hard/eq601.txt.smt2;0.73; sat;0.05; sat;TO;TO
../formulae/kaluza-hard/eq602.txt.smt2;1.46; sat;0.06; sat;TO;TO
../formulae/kaluza-hard/eq603.txt.smt2;0.15; sat;0.03; sat;55.96; sat
../formulae/kaluza-hard/eq604.txt.smt2;0.01; sat;0.03; sat;0.7; sat
../formulae/kaluza-hard/eq605.txt.smt2;0.05; sat;0.03; sat;3.57; sat
../formulae/kaluza-hard/eq606.txt.smt2;TO;TO;0.09; sat;TO;TO
../formulae/kaluza-hard/eq607.txt.smt2;0.15; sat;0.04; sat;5.14; sat
../formulae/kaluza-hard/eq608.txt.smt2;0.64; sat;0.04; sat;44.46; sat
../formulae/kaluza-hard/eq609.txt.smt2;0.92; sat;0.07; sat;TO;TO
../formulae/kaluza-hard/eq61.txt.smt2;0.03; sat;0.04; sat;44.35; sat
../formulae/kaluza-hard/eq610.txt.smt2;0.04; sat;0.07; sat;TO;TO
../formulae/kaluza-hard/eq611.txt.smt2;0.03; sat;0.03; sat;5.22; sat
../formulae/kaluza-hard/eq612.txt.smt2;1.49; sat;0.07; sat;TO;TO
../formulae/kaluza-hard/eq613.txt.smt2;1.79; sat;0.06; sat;TO;TO
../formulae/kaluza-hard/eq614.txt.smt2;0.04; sat;0.08; sat;TO;TO
../formulae/kaluza-hard/eq615.txt.smt2;0.02; sat;0.02; sat;55.62; sat
../formulae/kaluza-hard/eq616.txt.smt2;1.81; sat;0.07; sat;TO;TO
../formulae/kaluza-hard/eq617.txt.smt2;3.67; sat;0.04; sat;TO;TO
../formulae/kaluza-hard/eq618.txt.smt2;TO;TO;0.07; sat;TO;TO
../formulae/kaluza-hard/eq619.txt.smt2;0.35; sat;0.04; sat;14.62; sat
../formulae/kaluza-hard/eq62.txt.smt2;0.05; sat;0.03; sat;3.42; sat
../formulae/kaluza-hard/eq620.txt.smt2;1.68; sat;0.05; sat;TO;TO
../formulae/kaluza-hard/eq621.txt.smt2;0.16; sat;0.06; sat;TO;TO
../formulae/kaluza-hard/eq622.txt.smt2;0.04; sat;0.05; sat;TO;TO
../formulae/kaluza-hard/eq623.txt.smt2;0.01; sat;0.02; sat;0.71; sat
../formulae/kaluza-hard/eq624.txt.smt2;0.1; sat;0.04; sat;44.4; sat
../formulae/kaluza-hard/eq625.txt.smt2;TO;TO;0.04; sat;TO;TO
../formulae/kaluza-hard/eq626.txt.smt2;0.93; sat;0.04; sat;58.77; sat
../formulae/kaluza-hard/eq627.txt.smt2;0.02; sat;0.03; sat;0.67; sat
../formulae/kaluza-hard/eq628.txt.smt2;14.52; sat;0.06; sat;TO;TO
../formulae/kaluza-hard/eq629.txt.smt2;0.03; sat;0.03; sat;0.71; sat
../formulae/kaluza-hard/eq63.txt.smt2;0.02; sat;0.02; sat;0.69; sat
../formulae/kaluza-hard/eq630.txt.smt2;0.03; sat;0.07; sat;TO;TO
../formulae/kaluza-hard/eq631.txt.smt2;TO;TO;0.04; sat;TO;TO
../formulae/kaluza-hard/eq632.txt.smt2;TO;TO;0.06; sat;TO;TO
../formulae/kaluza-hard/eq633.txt.smt2;0.01; sat;0.02; sat;0.68; sat
../formulae/kaluza-hard/eq634.txt.smt2;0.02; sat;0.02; sat;0.67; sat
../formulae/kaluza-hard/eq635.txt.smt2;0.02; sat;0.04; sat;44.93; sat
../formulae/kaluza-hard/eq636.txt.smt2;0.03; sat;0.05; sat;45.05; sat
../formulae/kaluza-hard/eq637.txt.smt2;0.05; sat;0.05; sat;TO;TO
../formulae/kaluza-hard/eq638.txt.smt2;0.61; sat;0.09; sat;TO;TO
../formulae/kaluza-hard/eq639.txt.smt2;1.16; sat;0.05; sat;TO;TO
../formulae/kaluza-hard/eq64.txt.smt2;1.64; sat;0.05; sat;TO;TO
../formulae/kaluza-hard/eq640.txt.smt2;0.01; sat;0.02; sat;0.68; sat
../formulae/kaluza-hard/eq641.txt.smt2;0.38; sat;0.08; sat;TO;TO
../formulae/kaluza-hard/eq642.txt.smt2;0.02; sat;0.03; sat;0.68; sat
../formulae/kaluza-hard/eq643.txt.smt2;0.92; sat;0.07; sat;TO;TO
../formulae/kaluza-hard/eq644.txt.smt2;TO;TO;0.06; sat;TO;TO
../formulae/kaluza-hard/eq645.txt.smt2;0.05; sat;0.05; sat;TO;TO
../formulae/kaluza-hard/eq646.txt.smt2;0.09; sat;0.04; sat;44.55; sat
../formulae/kaluza-hard/eq647.txt.smt2;2.72; sat;0.06; sat;TO;TO
../formulae/kaluza-hard/eq648.txt.smt2;TO;TO;0.06; sat;TO;TO
../formulae/kaluza-hard/eq649.txt.smt2;0.04; sat;0.03; sat;44.78; sat
../formulae/kaluza-hard/eq65.txt.smt2;0.05; sat;0.03; sat;3.45; sat
../formulae/kaluza-hard/eq650.txt.smt2;0.01; sat;0.02; sat;0.71; sat
../formulae/kaluza-hard/eq651.txt.smt2;0.99; sat;0.06; sat;TO;TO
../formulae/kaluza-hard/eq652.txt.smt2;3.65; sat;0.06; sat;TO;TO
../formulae/kaluza-hard/eq653.txt.smt2;0.83; sat;0.05; sat;TO;TO
../formulae/kaluza-hard/eq654.txt.smt2;0.02; sat;0.03; sat;0.7; sat
../formulae/kaluza-hard/eq655.txt.smt2;1.42; sat;0.04; sat;191.64; sat
../formulae/kaluza-hard/eq656.txt.smt2;TO;TO;0.06; sat;TO;TO
../formulae/kaluza-hard/eq657.txt.smt2;TO;TO;0.08; sat;TO;TO
../formulae/kaluza-hard/eq658.txt.smt2;0.09; sat;0.03; sat;1.07; sat
../formulae/kaluza-hard/eq659.txt.smt2;142.14; sat;0.04; sat;TO;TO
../formulae/kaluza-hard/eq66.txt.smt2;TO;TO;0.05; sat;TO;TO
../formulae/kaluza-hard/eq660.txt.smt2;0.02; sat;0.02; sat;0.71; sat
../formulae/kaluza-hard/eq661.txt.smt2;0.02; sat;0.03; sat;0.7; sat
../formulae/kaluza-hard/eq662.txt.smt2;TO;TO;0.03; sat;55.41; sat
../formulae/kaluza-hard/eq663.txt.smt2;0.93; sat;0.05; sat;44.89; sat
../formulae/kaluza-hard/eq664.txt.smt2;TO;TO;0.09; sat;TO;TO
../formulae/kaluza-hard/eq665.txt.smt2;0.83; sat;0.04; sat;44.65; sat
../formulae/kaluza-hard/eq666.txt.smt2;0.03; sat;0.03; sat;55.5; sat
../formulae/kaluza-hard/eq667.txt.smt2;1.0; sat;0.05; sat;TO;TO
../formulae/kaluza-hard/eq668.txt.smt2;0.04; sat;0.04; sat;44.57; sat
../formulae/kaluza-hard/eq669.txt.smt2;0.02; sat;0.04; sat;44.74; sat
../formulae/kaluza-hard/eq67.txt.smt2;TO;TO;0.06; sat;TO;TO
../formulae/kaluza-hard/eq670.txt.smt2;47.08; sat;0.05; sat;TO;TO
../formulae/kaluza-hard/eq671.txt.smt2;0.02; sat;0.03; sat;0.69; sat
../formulae/kaluza-hard/eq672.txt.smt2;TO;TO;0.06; sat;TO;TO
../formulae/kaluza-hard/eq673.txt.smt2;0.84; sat;0.03; sat;3.49; sat
../formulae/kaluza-hard/eq674.txt.smt2;0.02; sat;0.02; sat;0.69; sat
../formulae/kaluza-hard/eq675.txt.smt2;0.03; sat;0.04; sat;44.66; sat
../formulae/kaluza-hard/eq676.txt.smt2;0.05; sat;0.04; sat;3.45; sat
../formulae/kaluza-hard/eq677.txt.smt2;TO;TO;0.06; sat;TO;TO
../formulae/kaluza-hard/eq678.txt.smt2;TO;TO;0.04; sat;TO;TO
../formulae/kaluza-hard/eq679.txt.smt2;0.02; sat;0.03; sat;44.72; sat
../formulae/kaluza-hard/eq68.txt.smt2;TO;TO;0.08; sat;TO;TO
../formulae/kaluza-hard/eq680.txt.smt2;0.31; sat;0.04; sat;58.76; sat
../formulae/kaluza-hard/eq681.txt.smt2;TO;TO;0.05; sat;TO;TO
../formulae/kaluza-hard/eq682.txt.smt2;0.83; sat;0.09; sat;TO;TO
../formulae/kaluza-hard/eq683.txt.smt2;0.43; sat;0.05; sat;59.0; sat
../formulae/kaluza-hard/eq684.txt.smt2;0.02; sat;0.04; sat;44.73; sat
../formulae/kaluza-hard/eq685.txt.smt2;0.01; sat;0.02; sat;0.67; sat
../formulae/kaluza-hard/eq686.txt.smt2;0.01; sat;0.02; sat;0.66; sat
../formulae/kaluza-hard/eq687.txt.smt2;0.02; sat;0.05; sat;44.58; sat
../formulae/kaluza-hard/eq688.txt.smt2;0.02; sat;0.03; sat;55.51; sat
../formulae/kaluza-hard/eq689.txt.smt2;TO;TO;0.06; sat;TO;TO
../formulae/kaluza-hard/eq69.txt.smt2;2.0; sat;0.06; sat;TO;TO
../formulae/kaluza-hard/eq690.txt.smt2;0.02; sat;0.04; sat;44.64; sat
../formulae/kaluza-hard/eq691.txt.smt2;0.02; sat;0.02; sat;0.69; sat
../formulae/kaluza-hard/eq692.txt.smt2;0.7; sat;0.04; sat;44.56; sat
../formulae/kaluza-hard/eq693.txt.smt2;0.45; sat;0.07; sat;TO;TO
../formulae/kaluza-hard/eq694.txt.smt2;TO;TO;0.07; sat;TO;TO
../formulae/kaluza-hard/eq695.txt.smt2;17.81; sat;0.07; sat;TO;TO
../formulae/kaluza-hard/eq696.txt.smt2;7.64; sat;0.06; sat;TO;TO
../formulae/kaluza-hard/eq697.txt.smt2;0.65; sat;0.04; sat;44.5; sat
../formulae/kaluza-hard/eq698.txt.smt2;0.01; sat;0.03; sat;0.69; sat
../formulae/kaluza-hard/eq699.txt.smt2;0.74; sat;0.09; sat;TO;TO
../formulae/kaluza-hard/eq7.txt.smt2;0.01; sat;0.02; sat;0.69; sat
../formulae/kaluza-hard/eq70.txt.smt2;0.73; sat;0.04; sat;44.63; sat
../formulae/kaluza-hard/eq700.txt.smt2;TO;TO;0.05; sat;TO;TO
../formulae/kaluza-hard/eq701.txt.smt2;0.02; sat;0.05; sat;TO;TO
../formulae/kaluza-hard/eq702.txt.smt2;0.06; sat;0.04; sat;TO;TO
../formulae/kaluza-hard/eq703.txt.smt2;1.09; sat;0.05; sat;TO;TO
../formulae/kaluza-hard/eq704.txt.smt2;42.94; sat;0.04; sat;TO;TO
../formulae/kaluza-hard/eq705.txt.smt2;TO;TO;0.04; sat;TO;TO
../formulae/kaluza-hard/eq706.txt.smt2;TO;TO;0.06; sat;TO;TO
../formulae/kaluza-hard/eq707.txt.smt2;0.3; sat;0.04; sat;TO;TO
../formulae/kaluza-hard/eq708.txt.smt2;0.01; sat;0.03; sat;0.65; sat
../formulae/kaluza-hard/eq709.txt.smt2;0.91; sat;0.05; sat;14.64; sat
../formulae/kaluza-hard/eq71.txt.smt2;0.01; sat;0.03; sat;0.63; sat
../formulae/kaluza-hard/eq710.txt.smt2;0.04; sat;0.03; sat;56.28; sat
../formulae/kaluza-hard/eq711.txt.smt2;TO;TO;0.04; sat;130.34; sat
../formulae/kaluza-hard/eq712.txt.smt2;1.39; sat;0.06; sat;TO;TO
../formulae/kaluza-hard/eq713.txt.smt2;0.02; sat;0.01; sat;0.68; sat
../formulae/kaluza-hard/eq714.txt.smt2;0.01; sat;0.02; sat;0.71; sat
../formulae/kaluza-hard/eq715.txt.smt2;0.06; sat;0.04; sat;TO;TO
../formulae/kaluza-hard/eq716.txt.smt2;4.4; sat;0.06; sat;TO;TO
../formulae/kaluza-hard/eq717.txt.smt2;0.01; sat;0.03; sat;0.7; sat
../formulae/kaluza-hard/eq718.txt.smt2;TO;TO;0.06; sat;TO;TO
../formulae/kaluza-hard/eq719.txt.smt2;0.39; sat;0.09; sat;TO;TO
../formulae/kaluza-hard/eq72.txt.smt2;0.07; sat;0.04; sat;TO;TO
../formulae/kaluza-hard/eq720.txt.smt2;0.03; sat;0.04; sat;44.7; sat
../formulae/kaluza-hard/eq721.txt.smt2;1.81; sat;0.06; sat;TO;TO
../formulae/kaluza-hard/eq722.txt.smt2;TO;TO;0.05; sat;14.72; sat
../formulae/kaluza-hard/eq723.txt.smt2;TO;TO;0.06; sat;TO;TO
../formulae/kaluza-hard/eq724.txt.smt2;0.71; sat;0.05; sat;44.52; sat
../formulae/kaluza-hard/eq725.txt.smt2;0.19; sat;0.02; sat;1.07; sat
../formulae/kaluza-hard/eq726.txt.smt2;TO;TO;0.04; sat;TO;TO
../formulae/kaluza-hard/eq727.txt.smt2;TO;TO;0.08; sat;TO;TO
../formulae/kaluza-hard/eq728.txt.smt2;0.06; sat;0.04; sat;129.01; sat
../formulae/kaluza-hard/eq729.txt.smt2;0.04; sat;0.04; sat;44.38; sat
../formulae/kaluza-hard/eq73.txt.smt2;0.03; sat;0.07; sat;TO;TO
../formulae/kaluza-hard/eq730.txt.smt2;0.02; sat;0.04; sat;45.2; sat
../formulae/kaluza-hard/eq731.txt.smt2;TO;TO;0.05; sat;TO;TO
../formulae/kaluza-hard/eq732.txt.smt2;0.37; sat;0.07; sat;TO;TO
../formulae/kaluza-hard/eq733.txt.smt2;0.01; sat;0.02; sat;0.67; sat
../formulae/kaluza-hard/eq734.txt.smt2;2.75; sat;0.06; sat;TO;TO
../formulae/kaluza-hard/eq735.txt.smt2;0.1; sat;0.04; sat;44.85; sat
../formulae/kaluza-hard/eq736.txt.smt2;0.03; sat;0.03; sat;5.35; sat
../formulae/kaluza-hard/eq737.txt.smt2;0.05; sat;0.05; sat;TO;TO
../formulae/kaluza-hard/eq738.txt.smt2;0.02; sat;0.04; sat;44.86; sat
../formulae/kaluza-hard/eq739.txt.smt2;0.59; sat;0.08; sat;TO;TO
../formulae/kaluza-hard/eq74.txt.smt2;TO;TO;0.03; sat;29.8; sat
../formulae/kaluza-hard/eq740.txt.smt2;0.04; sat;0.05; sat;TO;TO
../formulae/kaluza-hard/eq741.txt.smt2;0.12; sat;0.09; sat;TO;TO
../formulae/kaluza-hard/eq742.txt.smt2;0.4; sat;0.05; sat;59.0; sat
../formulae/kaluza-hard/eq743.txt.smt2;0.03; sat;0.03; sat;5.34; sat
../formulae/kaluza-hard/eq744.txt.smt2;0.34; sat;0.05; sat;TO;TO
../formulae/kaluza-hard/eq745.txt.smt2;0.39; sat;0.05; sat;TO;TO
../formulae/kaluza-hard/eq746.txt.smt2;0.01; sat;0.02; sat;0.68; sat
../formulae/kaluza-hard/eq747.txt.smt2;1.49; sat;0.05; sat;TO;TO
../formulae/kaluza-hard/eq748.txt.smt2;TO;TO;0.07; sat;TO;TO
../formulae/kaluza-hard/eq749.txt.smt2;0.54; sat;0.03; sat;58.99; sat
../formulae/kaluza-hard/eq75.txt.smt2;0.21; sat;0.03; sat;5.22; sat
../formulae/kaluza-hard/eq750.txt.smt2;1.12; sat;0.06; sat;TO;TO
../formulae/kaluza-hard/eq751.txt.smt2;0.47; sat;0.07; sat;TO;TO
../formulae/kaluza-hard/eq752.txt.smt2;0.02; sat;0.02; sat;0.7; sat
../formulae/kaluza-hard/eq753.txt.smt2;TO;TO;0.09; sat;TO;TO
../formulae/kaluza-hard/eq754.txt.smt2;6.52; sat;0.05; sat;TO;TO
../formulae/kaluza-hard/eq755.txt.smt2;0.19; sat;0.04; sat;45.29; sat
../formulae/kaluza-hard/eq756.txt.smt2;0.02; sat;0.04; sat;44.77; sat
../formulae/kaluza-hard/eq757.txt.smt2;0.87; sat;0.03; sat;3.54; sat
../formulae/kaluza-hard/eq758.txt.smt2;0.59; sat;0.06; sat;TO;TO
../formulae/kaluza-hard/eq759.txt.smt2;0.03; sat;0.07; sat;TO;TO
../formulae/kaluza-hard/eq76.txt.smt2;TO;TO;0.05; sat;188.83; sat
../formulae/kaluza-hard/eq760.txt.smt2;0.74; sat;0.04; sat;44.66; sat
../formulae/kaluza-hard/eq761.txt.smt2;0.05; sat;0.09; sat;TO;TO
../formulae/kaluza-hard/eq762.txt.smt2;0.03; sat;0.03; sat;0.68; sat
../formulae/kaluza-hard/eq763.txt.smt2;0.57; sat;0.03; sat;55.38; sat
../formulae/kaluza-hard/eq764.txt.smt2;4.79; sat;0.04; sat;TO;TO
../formulae/kaluza-hard/eq765.txt.smt2;0.03; sat;0.03; sat;5.13; sat
../formulae/kaluza-hard/eq766.txt.smt2;TO;TO;0.06; sat;TO;TO
../formulae/kaluza-hard/eq767.txt.smt2;10.13; sat;0.06; sat;TO;TO
../formulae/kaluza-hard/eq768.txt.smt2;0.02; sat;0.04; sat;44.62; sat
../formulae/kaluza-hard/eq769.txt.smt2;0.14; sat;0.03; sat;55.33; sat
../formulae/kaluza-hard/eq77.txt.smt2;0.74; sat;0.04; sat;44.19; sat
../formulae/kaluza-hard/eq770.txt.smt2;0.02; sat;0.02; sat;0.69; sat
../formulae/kaluza-hard/eq771.txt.smt2;0.04; sat;0.04; sat;TO;TO
../formulae/kaluza-hard/eq772.txt.smt2;0.13; sat;0.09; sat;TO;TO
../formulae/kaluza-hard/eq773.txt.smt2;TO;TO;0.03; sat;55.42; sat
../formulae/kaluza-hard/eq774.txt.smt2;TO;TO;0.04; sat;174.95; sat
../formulae/kaluza-hard/eq775.txt.smt2;0.02; sat;0.04; sat;44.63; sat
../formulae/kaluza-hard/eq776.txt.smt2;3.17; sat;0.04; sat;0.77; sat
../formulae/kaluza-hard/eq777.txt.smt2;0.02; sat;0.02; sat;0.69; sat
../formulae/kaluza-hard/eq778.txt.smt2;0.03; sat;0.02; sat;0.65; sat
../formulae/kaluza-hard/eq779.txt.smt2;TO;TO;0.05; sat;TO;TO
../formulae/kaluza-hard/eq78.txt.smt2;0.01; sat;0.02; sat;0.68; sat
../formulae/kaluza-hard/eq780.txt.smt2;0.05; sat;0.03; sat;128.79; sat
../formulae/kaluza-hard/eq781.txt.smt2;0.04; sat;0.04; sat;44.86; sat
../formulae/kaluza-hard/eq782.txt.smt2;0.35; sat;0.06; sat;TO;TO
../formulae/kaluza-hard/eq783.txt.smt2;0.09; sat;0.03; sat;44.89; sat
../formulae/kaluza-hard/eq784.txt.smt2;0.0; sat;0.03; sat;0.7; sat
../formulae/kaluza-hard/eq785.txt.smt2;0.02; sat;0.05; sat;45.03; sat
../formulae/kaluza-hard/eq786.txt.smt2;97.96; sat;0.06; sat;TO;TO
../formulae/kaluza-hard/eq787.txt.smt2;0.06; sat;0.04; sat;3.49; sat
../formulae/kaluza-hard/eq788.txt.smt2;0.02; sat;0.02; sat;0.66; sat
../formulae/kaluza-hard/eq789.txt.smt2;0.01; sat;0.01; sat;0.68; sat
../formulae/kaluza-hard/eq79.txt.smt2;0.14; sat;0.03; sat;5.15; sat
../formulae/kaluza-hard/eq790.txt.smt2;0.02; sat;0.05; sat;44.69; sat
../formulae/kaluza-hard/eq791.txt.smt2;TO;TO;0.06; sat;TO;TO
../formulae/kaluza-hard/eq792.txt.smt2;0.01; sat;0.03; sat;0.68; sat
../formulae/kaluza-hard/eq793.txt.smt2;TO;TO;0.04; sat;TO;TO
../formulae/kaluza-hard/eq794.txt.smt2;6.16; sat;0.07; sat;TO;TO
../formulae/kaluza-hard/eq795.txt.smt2;TO;TO;0.07; sat;TO;TO
../formulae/kaluza-hard/eq796.txt.smt2;0.03; sat;0.02; sat;0.66; sat
../formulae/kaluza-hard/eq797.txt.smt2;0.05; sat;0.04; sat;TO;TO
../formulae/kaluza-hard/eq798.txt.smt2;3.64; sat;0.06; sat;TO;TO
../formulae/kaluza-hard/eq799.txt.smt2;0.59; sat;0.08; sat;TO;TO
../formulae/kaluza-hard/eq8.txt.smt2;0.42; sat;0.03; sat;129.3; sat
../formulae/kaluza-hard/eq80.txt.smt2;89.37; sat;0.06; sat;TO;TO
../formulae/kaluza-hard/eq800.txt.smt2;0.56; sat;0.08; sat;TO;TO
../formulae/kaluza-hard/eq801.txt.smt2;0.44; sat;0.06; sat;TO;TO
../formulae/kaluza-hard/eq802.txt.smt2;0.16; sat;0.06; sat;TO;TO
../formulae/kaluza-hard/eq803.txt.smt2;0.38; sat;0.09; sat;TO;TO
../formulae/kaluza-hard/eq804.txt.smt2;1.58; sat;0.07; sat;TO;TO
../formulae/kaluza-hard/eq805.txt.smt2;TO;TO;0.05; sat;TO;TO
../formulae/kaluza-hard/eq806.txt.smt2;TO;TO;0.08; sat;TO;TO
../formulae/kaluza-hard/eq807.txt.smt2;2.26; sat;0.04; sat;TO;TO
../formulae/kaluza-hard/eq808.txt.smt2;0.02; sat;0.02; sat;0.71; sat
../formulae/kaluza-hard/eq809.txt.smt2;97.06; sat;0.05; sat;TO;TO
../formulae/kaluza-hard/eq81.txt.smt2;TO;TO;0.06; sat;TO;TO
../formulae/kaluza-hard/eq810.txt.smt2;TO;TO;0.07; sat;TO;TO
../formulae/kaluza-hard/eq811.txt.smt2;0.23; sat;0.04; sat;0.69; sat
../formulae/kaluza-hard/eq812.txt.smt2;TO;TO;0.07; sat;TO;TO
../formulae/kaluza-hard/eq813.txt.smt2;0.1; sat;0.04; sat;44.41; sat
../formulae/kaluza-hard/eq814.txt.smt2;6.25; sat;0.06; sat;TO;TO
../formulae/kaluza-hard/eq815.txt.smt2;11.38; sat;0.05; sat;TO;TO
../formulae/kaluza-hard/eq816.txt.smt2;1.92; sat;0.06; sat;TO;TO
../formulae/kaluza-hard/eq817.txt.smt2;0.03; sat;0.04; sat;44.59; sat
../formulae/kaluza-hard/eq818.txt.smt2;0.54; sat;0.09; sat;TO;TO
../formulae/kaluza-hard/eq819.txt.smt2;0.74; sat;0.04; sat;44.81; sat
../formulae/kaluza-hard/eq82.txt.smt2;0.02; sat;0.02; sat;0.67; sat
../formulae/kaluza-hard/eq820.txt.smt2;TO;TO;0.04; sat;14.85; sat
../formulae/kaluza-hard/eq821.txt.smt2;31.56; sat;0.1; sat;TO;TO
../formulae/kaluza-hard/eq822.txt.smt2;TO;TO;0.09; sat;TO;TO
../formulae/kaluza-hard/eq823.txt.smt2;0.02; sat;0.03; sat;5.36; sat
../formulae/kaluza-hard/eq824.txt.smt2;0.45; sat;0.03; sat;129.01; sat
../formulae/kaluza-hard/eq825.txt.smt2;0.77; sat;0.03; sat;3.55; sat
../formulae/kaluza-hard/eq826.txt.smt2;0.02; sat;0.03; sat;0.7; sat
../formulae/kaluza-hard/eq827.txt.smt2;0.01; sat;0.02; sat;0.69; sat
../formulae/kaluza-hard/eq828.txt.smt2;0.01; sat;0.03; sat;0.67; sat
../formulae/kaluza-hard/eq829.txt.smt2;0.15; sat;0.03; sat;5.17; sat
../formulae/kaluza-hard/eq83.txt.smt2;3.35; sat;0.06; sat;TO;TO
../formulae/kaluza-hard/eq830.txt.smt2;0.37; sat;0.09; sat;TO;TO
../formulae/kaluza-hard/eq831.txt.smt2;0.96; sat;0.09; sat;TO;TO
../formulae/kaluza-hard/eq832.txt.smt2;0.04; sat;0.03; sat;128.63; sat
../formulae/kaluza-hard/eq833.txt.smt2;0.43; sat;0.05; sat;TO;TO
../formulae/kaluza-hard/eq834.txt.smt2;0.02; sat;0.02; sat;0.71; sat
../formulae/kaluza-hard/eq835.txt.smt2;0.98; sat;0.05; sat;TO;TO
../formulae/kaluza-hard/eq836.txt.smt2;0.02; sat;0.03; sat;44.49; sat
../formulae/kaluza-hard/eq837.txt.smt2;0.1; sat;0.04; sat;44.41; sat
../formulae/kaluza-hard/eq838.txt.smt2;1.8; sat;0.06; sat;TO;TO
../formulae/kaluza-hard/eq839.txt.smt2;0.06; sat;0.04; sat;44.48; sat
../formulae/kaluza-hard/eq84.txt.smt2;1.73; sat;0.06; sat;TO;TO
../formulae/kaluza-hard/eq840.txt.smt2;0.26; sat;0.03; sat;128.98; sat
../formulae/kaluza-hard/eq841.txt.smt2;0.52; sat;0.06; sat;TO;TO
../formulae/kaluza-hard/eq842.txt.smt2;1.29; sat;0.03; sat;TO;TO
../formulae/kaluza-hard/eq843.txt.smt2;0.3; sat;0.05; sat;TO;TO
../formulae/kaluza-hard/eq844.txt.smt2;0.01; sat;0.03; sat;0.7; sat
../formulae/kaluza-hard/eq845.txt.smt2;0.06; sat;0.04; sat;130.11; sat
../formulae/kaluza-hard/eq846.txt.smt2;0.72; sat;0.04; sat;45.2; sat
../formulae/kaluza-hard/eq847.txt.smt2;0.15; sat;0.05; sat;TO;TO
../formulae/kaluza-hard/eq848.txt.smt2;7.46; sat;0.07; sat;TO;TO
../formulae/kaluza-hard/eq849.txt.smt2;0.05; sat;0.02; sat;3.55; sat
../formulae/kaluza-hard/eq85.txt.smt2;TO;TO;0.05; sat;TO;TO
../formulae/kaluza-hard/eq850.txt.smt2;1.7; sat;0.04; sat;TO;TO
../formulae/kaluza-hard/eq851.txt.smt2;0.75; sat;0.04; sat;44.58; sat
../formulae/kaluza-hard/eq852.txt.smt2;0.01; sat;0.02; sat;0.66; sat
../formulae/kaluza-hard/eq853.txt.smt2;0.02; sat;0.04; sat;44.35; sat
../formulae/kaluza-hard/eq854.txt.smt2;0.37; sat;0.06; sat;TO;TO
../formulae/kaluza-hard/eq855.txt.smt2;1.11; sat;0.07; sat;TO;TO
../formulae/kaluza-hard/eq856.txt.smt2;TO;TO;0.06; sat;TO;TO
../formulae/kaluza-hard/eq857.txt.smt2;0.02; sat;0.03; sat;0.69; sat
../formulae/kaluza-hard/eq858.txt.smt2;0.44; sat;0.04; sat;TO;TO
../formulae/kaluza-hard/eq859.txt.smt2;1.74; sat;0.06; sat;TO;TO
../formulae/kaluza-hard/eq86.txt.smt2;TO;TO;0.07; sat;TO;TO
../formulae/kaluza-hard/eq860.txt.smt2;TO;TO;0.05; sat;14.7; sat
../formulae/kaluza-hard/eq861.txt.smt2;TO;TO;0.07; sat;TO;TO
../formulae/kaluza-hard/eq862.txt.smt2;TO;TO;0.05; sat;TO;TO
../formulae/kaluza-hard/eq863.txt.smt2;0.01; sat;0.04; sat;44.45; sat
../formulae/kaluza-hard/eq864.txt.smt2;0.15; sat;0.06; sat;TO;TO
../formulae/kaluza-hard/eq865.txt.smt2;0.17; sat;0.06; sat;TO;TO
../formulae/kaluza-hard/eq866.txt.smt2;TO;TO;0.06; sat;TO;TO
../formulae/kaluza-hard/eq867.txt.smt2;TO;TO;0.06; sat;TO;TO
../formulae/kaluza-hard/eq868.txt.smt2;0.02; sat;0.02; sat;0.71; sat
../formulae/kaluza-hard/eq869.txt.smt2;TO;TO;0.34; sat;TO;TO
../formulae/kaluza-hard/eq87.txt.smt2;14.54; sat;0.07; sat;TO;TO
../formulae/kaluza-hard/eq870.txt.smt2;0.64; sat;0.05; sat;TO;TO
../formulae/kaluza-hard/eq871.txt.smt2;4.44; sat;0.06; sat;TO;TO
../formulae/kaluza-hard/eq872.txt.smt2;0.46; sat;0.04; sat;5.15; sat
../formulae/kaluza-hard/eq873.txt.smt2;TO;TO;0.05; sat;TO;TO
../formulae/kaluza-hard/eq874.txt.smt2;TO;TO;0.04; sat;TO;TO
../formulae/kaluza-hard/eq875.txt.smt2;0.03; sat;0.05; sat;TO;TO
../formulae/kaluza-hard/eq876.txt.smt2;0.62; sat;0.05; sat;59.69; sat
../formulae/kaluza-hard/eq877.txt.smt2;0.05; sat;0.03; sat;5.39; sat
../formulae/kaluza-hard/eq878.txt.smt2;TO;TO;0.07; sat;TO;TO
../formulae/kaluza-hard/eq879.txt.smt2;3.86; sat;0.05; sat;TO;TO
../formulae/kaluza-hard/eq88.txt.smt2;0.02; sat;0.05; sat;44.6; sat
../formulae/kaluza-hard/eq880.txt.smt2;TO;TO;0.09; sat;TO;TO
../formulae/kaluza-hard/eq881.txt.smt2;TO;TO;0.05; sat;14.64; sat
../formulae/kaluza-hard/eq882.txt.smt2;0.1; sat;0.04; sat;5.16; sat
../formulae/kaluza-hard/eq883.txt.smt2;TO;TO;0.07; sat;TO;TO
../formulae/kaluza-hard/eq884.txt.smt2;TO;TO;0.05; sat;TO;TO
../formulae/kaluza-hard/eq885.txt.smt2;1.2; sat;0.03; sat;5.11; sat
../formulae/kaluza-hard/eq886.txt.smt2;13.01; sat;0.05; sat;TO;TO
../formulae/kaluza-hard/eq887.txt.smt2;TO;TO;0.06; sat;TO;TO
../formulae/kaluza-hard/eq888.txt.smt2;TO;TO;0.09; sat;TO;TO
../formulae/kaluza-hard/eq889.txt.smt2;0.91; sat;0.03; sat;0.7; sat
../formulae/kaluza-hard/eq89.txt.smt2;2.36; sat;0.04; sat;TO;TO
../formulae/kaluza-hard/eq890.txt.smt2;0.33; sat;0.04; sat;36.32; sat
../formulae/kaluza-hard/eq891.txt.smt2;0.14; sat;0.03; sat;55.45; sat
../formulae/kaluza-hard/eq892.txt.smt2;0.03; sat;0.05; sat;44.3; sat
../formulae/kaluza-hard/eq893.txt.smt2;0.32; sat;0.04; sat;59.12; sat
../formulae/kaluza-hard/eq894.txt.smt2;0.04; sat;0.04; sat;5.21; sat
../formulae/kaluza-hard/eq895.txt.smt2;TO;TO;0.06; sat;TO;TO
../formulae/kaluza-hard/eq896.txt.smt2;0.05; sat;0.04; sat;TO;TO
../formulae/kaluza-hard/eq897.txt.smt2;0.57; sat;0.03; sat;54.97; sat
../formulae/kaluza-hard/eq9.txt.smt2;0.04; sat;0.04; sat;44.62; sat
../formulae/kaluza-hard/eq90.txt.smt2;0.08; sat;0.04; sat;59.45; sat
../formulae/kaluza-hard/eq91.txt.smt2;TO;TO;0.06; sat;TO;TO
../formulae/kaluza-hard/eq92.txt.smt2;TO;TO;0.06; sat;TO;TO
../formulae/kaluza-hard/eq93.txt.smt2;0.03; sat;0.04; sat;44.57; sat
../formulae/kaluza-hard/eq94.txt.smt2;0.18; sat;0.04; sat;45.06; sat
../formulae/kaluza-hard/eq95.txt.smt2;0.04; sat;0.07; sat;TO;TO
../formulae/kaluza-hard/eq96.txt.smt2;0.04; sat;0.04; sat;3.52; sat
../formulae/kaluza-hard/eq97.txt.smt2;9.8; sat;0.06; sat;TO;TO
../formulae/kaluza-hard/eq98.txt.smt2;TO;TO;0.05; sat;TO;TO
../formulae/kaluza-hard/eq99.txt.smt2;0.14; sat;0.04; sat;5.15; sat
